## System ID,Tag Name,Retentive Mode,Initial Value,MODBUS Start Address,MODBUS End Address,Number of Characters,Number of Rows,Number of Columns,Wiring Label,Comment,Forceable,Init Forced,Init Force Value
## 2.0
SBR-001008,"1 Minute Bit",false,"0",,,,,,,"On for 30 seconds and Off for 30 seconds",,,
SBR-001009,"2 Second Bit",false,"0",,,,,,,"On for 1 second and Off for 1 second",,,
AIS32-0.1.1.1,"AIS32-0.1.1.1",false,"0",300001,300002,,,,,,false,false,"0"
AIS32-0.1.1.2,"AIS32-0.1.1.2",false,"0",300003,300004,,,,,,false,false,"0"
AIS32-0.1.1.3,"AIS32-0.1.1.3",false,"0",300005,300006,,,,,,false,false,"0"
AIS32-0.1.1.4,"AIS32-0.1.1.4",false,"0",300007,300008,,,,,,false,false,"0"
AIS32-0.1.1.5,"AIS32-0.1.1.5",false,"0",300009,300010,,,,,,false,false,"0"
AIS32-0.1.1.6,"AIS32-0.1.1.6",false,"0",300011,300012,,,,,,false,false,"0"
AIS32-0.1.1.7,"AIS32-0.1.1.7",false,"0",300013,300014,,,,,,false,false,"0"
AIS32-0.1.1.8,"AIS32-0.1.1.8",false,"0",300015,300016,,,,,,false,false,"0"
S32-000227,"AMC.Ax1AxisStatus",false,"0",400097,400098,,,,,,false,false,"0"
S32-000222,"AMC.Ax1Deviation",false,"0",,,,,,,,false,false,"0"
S32-000224,"AMC.Ax1EncPosition",false,"0",,,,,,,,false,false,"0"
C-000090,"AMC.Ax1In1",false,"0",,,,,,,,false,false,"0"
C-000091,"AMC.Ax1In2",false,"0",,,,,,,,false,false,"0"
C-000092,"AMC.Ax1In3",false,"0",,,,,,,,false,false,"0"
C-000093,"AMC.Ax1In4",false,"0",,,,,,,,false,false,"0"
C-000094,"AMC.Ax1In5",false,"0",,,,,,,,false,false,"0"
C-000095,"AMC.Ax1In6",false,"0",,,,,,,,false,false,"0"
C-000096,"AMC.Ax1Out1",false,"0",,,,,,,,false,false,"0"
C-000097,"AMC.Ax1Out2",false,"0",,,,,,,,false,false,"0"
C-000098,"AMC.Ax1Out3",false,"0",,,,,,,,false,false,"0"
S32-000223,"AMC.Ax1Position",true,"0",400031,400032,,,,,,false,false,"0"
S32-000226,"AMC.Ax1ResetPosition",false,"0",400095,400096,,,,,,false,false,"0"
S32-000225,"AMC.Ax1Velocity",false,"0",400093,400094,,,,,,false,false,"0"
S32-000233,"AMC.Ax2AxisStatus",false,"0",400103,400104,,,,,,false,false,"0"
S32-000228,"AMC.Ax2Deviation",false,"0",,,,,,,,false,false,"0"
S32-000230,"AMC.Ax2EncPosition",false,"0",,,,,,,,false,false,"0"
C-000099,"AMC.Ax2In1",false,"0",,,,,,,,false,false,"0"
C-000100,"AMC.Ax2In2",false,"0",,,,,,,,false,false,"0"
C-000101,"AMC.Ax2In3",false,"0",,,,,,,,false,false,"0"
C-000102,"AMC.Ax2In4",false,"0",,,,,,,,false,false,"0"
C-000103,"AMC.Ax2In5",false,"0",,,,,,,,false,false,"0"
C-000104,"AMC.Ax2In6",false,"0",,,,,,,,false,false,"0"
C-000105,"AMC.Ax2Out1",false,"0",,,,,,,,false,false,"0"
C-000106,"AMC.Ax2Out2",false,"0",,,,,,,,false,false,"0"
C-000107,"AMC.Ax2Out3",false,"0",,,,,,,,false,false,"0"
S32-000229,"AMC.Ax2Position",true,"0",400033,400034,,,,,,false,false,"0"
S32-000232,"AMC.Ax2ResetPosition",false,"0",400101,400102,,,,,,false,false,"0"
S32-000231,"AMC.Ax2Velocity",false,"0",400099,400100,,,,,,false,false,"0"
S32-000239,"AMC.Ax3AxisStatus",false,"0",400171,400172,,,,,,false,false,"0"
S32-000234,"AMC.Ax3Deviation",false,"0",,,,,,,,false,false,"0"
S32-000236,"AMC.Ax3EncPosition",false,"0",,,,,,,,false,false,"0"
C-000108,"AMC.Ax3In1",false,"0",,,,,,,,false,false,"0"
C-000109,"AMC.Ax3In2",false,"0",,,,,,,,false,false,"0"
C-000110,"AMC.Ax3In3",false,"0",,,,,,,,false,false,"0"
C-000111,"AMC.Ax3In4",false,"0",,,,,,,,false,false,"0"
C-000112,"AMC.Ax3In5",false,"0",,,,,,,,false,false,"0"
C-000113,"AMC.Ax3In6",false,"0",,,,,,,,false,false,"0"
C-000114,"AMC.Ax3Out1",false,"0",,,,,,,,false,false,"0"
C-000115,"AMC.Ax3Out2",false,"0",,,,,,,,false,false,"0"
C-000116,"AMC.Ax3Out3",false,"0",,,,,,,,false,false,"0"
S32-000235,"AMC.Ax3Position",true,"0",400035,400036,,,,,,false,false,"0"
S32-000238,"AMC.Ax3ResetPosition",false,"0",400107,400108,,,,,,false,false,"0"
S32-000237,"AMC.Ax3Velocity",false,"0",400105,400106,,,,,,false,false,"0"
S32-000245,"AMC.Ax4AxisStatus",false,"0",,,,,,,,false,false,"0"
S32-000240,"AMC.Ax4Deviation",false,"0",,,,,,,,false,false,"0"
S32-000242,"AMC.Ax4EncPosition",false,"0",,,,,,,,false,false,"0"
C-000117,"AMC.Ax4In1",false,"0",,,,,,,,false,false,"0"
C-000118,"AMC.Ax4In2",false,"0",,,,,,,,false,false,"0"
C-000119,"AMC.Ax4In3",false,"0",,,,,,,,false,false,"0"
C-000120,"AMC.Ax4In4",false,"0",,,,,,,,false,false,"0"
C-000121,"AMC.Ax4In5",false,"0",,,,,,,,false,false,"0"
C-000122,"AMC.Ax4In6",false,"0",,,,,,,,false,false,"0"
C-000123,"AMC.Ax4Out1",false,"0",,,,,,,,false,false,"0"
C-000124,"AMC.Ax4Out2",false,"0",,,,,,,,false,false,"0"
C-000125,"AMC.Ax4Out3",false,"0",,,,,,,,false,false,"0"
S32-000241,"AMC.Ax4Position",false,"0",,,,,,,,false,false,"0"
S32-000244,"AMC.Ax4ResetPosition",false,"0",,,,,,,,false,false,"0"
S32-000243,"AMC.Ax4Velocity",false,"0",,,,,,,,false,false,"0"
C-000089,"AMC.ModuleReady",false,"0",,,,,,,,false,false,"0"
S32-000221,"AMC.ModuleStatus",false,"0",400091,400092,,,,,,false,false,"0"
AOS32-0.1.2.1,"AOS32-0.1.2.1",false,"0",400067,400068,,,,,,false,false,"0"
AOS32-0.1.2.2,"AOS32-0.1.2.2",false,"0",400069,400070,,,,,,false,false,"0"
AOS32-0.1.2.3,"AOS32-0.1.2.3",false,"0",400071,400072,,,,,,false,false,"0"
AOS32-0.1.2.4,"AOS32-0.1.2.4",false,"0",400073,400074,,,,,,false,false,"0"
AOS32-0.1.6.1,"AOS32-0.1.6.1",false,"0",400075,400076,,,,,,false,false,"0"
AOS32-0.1.6.2,"AOS32-0.1.6.2",false,"0",400077,400078,,,,,,false,false,"0"
AOS32-0.1.6.3,"AOS32-0.1.6.3",false,"0",400079,400080,,,,,,false,false,"0"
AOS32-0.1.6.4,"AOS32-0.1.6.4",false,"0",400081,400082,,,,,,false,false,"0"
AOS32-0.1.6.5,"AOS32-0.1.6.5",false,"0",400083,400084,,,,,,false,false,"0"
AOS32-0.1.6.6,"AOS32-0.1.6.6",false,"0",400085,400086,,,,,,false,false,"0"
AOS32-0.1.6.7,"AOS32-0.1.6.7",false,"0",400087,400088,,,,,,false,false,"0"
AOS32-0.1.6.8,"AOS32-0.1.6.8",false,"0",400089,400090,,,,,,false,false,"0"
SBR-001002,"Always Off Bit",false,"0",,,,,,,"always off",,,
SBR-001017,"Array out of range error",false,"0",,,,,,,"On if an array index is outside the range of the array",,,
SWR-001514,"Array range error rung location",false,"0",,,,,,,"Rung Number in which ""Array out of range error"" occurred",,,
SWR-001513,"Array range error task location",false,"0",,,,,,,"Task Number in which ""Array out of range error"" occurred",,,
SWR-001506,"Avg Logic Scan Time [x100=usec]",false,"0",,,,,,,"average logic scan time",,,
SWR-001503,"Avg Scan Interval [x100=usec]",false,"0",,,,,,,"average overall scan time",,,
F32-000034,"Backward.Accel",false,"0.0",,,,,,,,false,false,"0.0"
C-000064,"Backward.Complete",false,"0",,,,,,,,false,false,"0"
F32-000035,"Backward.Decel",false,"0.0",,,,,,,,false,false,"0.0"
C-000063,"Backward.InProgress",false,"0",,,,,,,,false,false,"0"
S32-000081,"Backward.Jerk",false,"0",,,,,,,,false,false,"0"
S32-000089,"Backward.Preset1Target",false,"0",,,,,,,,false,false,"0"
S32-000090,"Backward.Preset2Target",false,"0",,,,,,,,false,false,"0"
S32-000088,"Backward.PresetPulseTime",false,"0",,,,,,,,false,false,"0"
S32-000085,"Backward.RegCapture",false,"0",,,,,,,,false,false,"0"
S32-000082,"Backward.RegCount",false,"0",,,,,,,,false,false,"0"
S32-000084,"Backward.RegDecel",false,"0",,,,,,,,false,false,"0"
S32-000083,"Backward.RegDelay",false,"0",,,,,,,,false,false,"0"
S32-000086,"Backward.RegPulseTime",false,"0",,,,,,,,false,false,"0"
S32-000087,"Backward.Status",false,"0",,,,,,,,false,false,"0"
F32-000032,"Backward.Target",false,"0.0",,,,,,,,false,false,"0.0"
F32-000033,"Backward.Velocity",false,"0.0",,,,,,,,false,false,"0.0"
SBR-001006,"Battery Disabled",false,"0",,,,,,,"On if the ""CPU Battery Alarm"" is disabled in H/W Configuration",,,
SBR-001005,"Battery Low Bit",false,"0",,,,,,,"On if the battery is weak (""CPU Battery Alarm"" in H/W Configuration)",,,
SWR-001518,"Battery Voltage",false,"0",,,,,,,"battery voltage in 10ths of a volt",,,
C-000038,"BoosterPumpStart",false,"0",000030,000030,,,,,,false,false,"0"
C-000039,"BoosterPumpStop",false,"0",000031,000031,,,,,,false,false,"0"
SSTR-000041,"CPU Event Log String 01",false,,,,50,,,,"most recent CPU event log message",,,
SSTR-000042,"CPU Event Log String 02",false,,,,50,,,,"2nd most recent CPU event log message",,,
SSTR-000043,"CPU Event Log String 03",false,,,,50,,,,"3rd most recent CPU event log message",,,
SSTR-000044,"CPU Event Log String 04",false,,,,50,,,,"4th most recent CPU event log message",,,
SSTR-000045,"CPU Event Log String 05",false,,,,50,,,,"5th most recent CPU event log message",,,
SSTR-000046,"CPU Event Log String 06",false,,,,50,,,,"6th most recent CPU event log message",,,
SSTR-000047,"CPU Event Log String 07",false,,,,50,,,,"7th most recent CPU event log message",,,
SSTR-000048,"CPU Event Log String 08",false,,,,50,,,,"8th most recent CPU event log message",,,
SSTR-000049,"CPU Event Log String 09",false,,,,50,,,,"9th most recent CPU event log message",,,
SSTR-000050,"CPU Event Log String 10",false,,,,50,,,,"10th most recent CPU event log message",,,
SSTR-000051,"CPU Event Log String 11",false,,,,50,,,,"11th most recent CPU event log message",,,
SSTR-000052,"CPU Event Log String 12",false,,,,50,,,,"12th most recent CPU event log message",,,
SSTR-000053,"CPU Event Log String 13",false,,,,50,,,,"13th most recent CPU event log message",,,
SSTR-000054,"CPU Event Log String 14",false,,,,50,,,,"14th most recent CPU event log message",,,
SSTR-000055,"CPU Event Log String 15",false,,,,50,,,,"15th most recent CPU event log message",,,
SSTR-000056,"CPU Event Log String 16",false,,,,50,,,,"16th most recent CPU event log message",,,
SSTR-000057,"CPU Event Log String 17",false,,,,50,,,,"17th most recent CPU event log message",,,
SSTR-000058,"CPU Event Log String 18",false,,,,50,,,,"18th most recent CPU event log message",,,
SSTR-000059,"CPU Event Log String 19",false,,,,50,,,,"19th most recent CPU event log message",,,
SSTR-000060,"CPU Event Log String 20",false,,,,50,,,,"20th most recent CPU event log message",,,
SSTR-000101,"CPU Model Name",false,,,,50,,,,"CPU Model (ex: ""P3-550"")",,,
SSTR-000102,"CPU Program File Name",false,,,,50,,,,"CPU program file name",,,
SBR-001001,"CPU in Run",false,"0",,,,,,,"On during Run or Debug mode",,,
F32-000112,"ChamberPressure",false,"0.0",400117,400118,,,,,,false,false,"0.0"
SWR-001523,"Clock Day",false,"0",,,,,,,"current Real Time Clock Calendar Day",,,
SWRW-001754,"Clock Day Set",false,"0",,,,,,,"new Real Time Clock Day (set all 3 date values then set ""Initiate_New_Date"" on)",,,
SWR-001522,"Clock Day of Week",false,"0",,,,,,,"current Real Time Clock Day of the week (1=Mon ...7=Sun)",,,
SWR-001521,"Clock Hours",false,"0",,,,,,,"current Real Time Clock Hours",,,
SWRW-001753,"Clock Hours Set",false,"0",,,,,,,"new Real Time Clock Hours (set all 3 time values then set ""Initiate_New_Time"" on)",,,
SWR-001520,"Clock Minutes",false,"0",,,,,,,"current Real Time Clock Minutes",,,
SWRW-001752,"Clock Minutes Set",false,"0",,,,,,,"new Real Time Clock Minutes (set all 3 time values then set ""Initiate_New_Time"" on)",,,
SWR-001524,"Clock Month",false,"0",,,,,,,"current Real Time Clock Calendar Month",,,
SWRW-001755,"Clock Month Set",false,"0",,,,,,,"new Real Time Clock Month (set all 3 date values then set ""Initiate_New_Date"" on)",,,
SWR-001519,"Clock Seconds",false,"0",,,,,,,"current Real Time Clock Seconds",,,
SWRW-001751,"Clock Seconds Set",false,"0",,,,,,,"new Real Time Clock Seconds (set all 3 time values then set ""Initiate_New_Time"" on)",,,
SWR-001525,"Clock Year",false,"0",,,,,,,"current Real Time Clock Calendar Year",,,
SWRW-001756,"Clock Year Set",false,"0",,,,,,,"new Real Time Clock Year (set all 3 date values then set ""Initiate_New_Date"" on)",,,
SBR-001012,"Critical Error Bit",false,"0",,,,,,,"On when a critical error is active",,,
SWR-000001,"Critical Error Log 01",false,"0",,,,,,,"most recent critical error",,,
SWR-000002,"Critical Error Log 02",false,"0",,,,,,,"2nd most recent critical error",,,
SWR-000003,"Critical Error Log 03",false,"0",,,,,,,"3rd most recent critical error",,,
SWR-000004,"Critical Error Log 04",false,"0",,,,,,,"4th most recent critical error",,,
SWR-000005,"Critical Error Log 05",false,"0",,,,,,,"5th most recent critical error",,,
SWR-000006,"Critical Error Log 06",false,"0",,,,,,,"6th most recent critical error",,,
SWR-000007,"Critical Error Log 07",false,"0",,,,,,,"7th most recent critical error",,,
SWR-000008,"Critical Error Log 08",false,"0",,,,,,,"8th most recent critical error",,,
SWR-000009,"Critical Error Log 09",false,"0",,,,,,,"9th most recent critical error",,,
SWR-000010,"Critical Error Log 10",false,"0",,,,,,,"10th most recent critical error",,,
SWR-000011,"Critical Error Log 11",false,"0",,,,,,,"11th most recent critical error",,,
SWR-000012,"Critical Error Log 12",false,"0",,,,,,,"12th most recent critical error",,,
SWR-000013,"Critical Error Log 13",false,"0",,,,,,,"13th most recent critical error",,,
SWR-000014,"Critical Error Log 14",false,"0",,,,,,,"14th most recent critical error",,,
SWR-000015,"Critical Error Log 15",false,"0",,,,,,,"15th most recent critical error",,,
SWR-000016,"Critical Error Log 16",false,"0",,,,,,,"16th most recent critical error",,,
SWR-000017,"Critical Error Log 17",false,"0",,,,,,,"17th most recent critical error",,,
SWR-000018,"Critical Error Log 18",false,"0",,,,,,,"18th most recent critical error",,,
SWR-000019,"Critical Error Log 19",false,"0",,,,,,,"19th most recent critical error",,,
SWR-000020,"Critical Error Log 20",false,"0",,,,,,,"20th most recent critical error",,,
SSTR-000001,"Critical Error Log String 01",false,,,,50,,,,"most recent critical error message",,,
SSTR-000002,"Critical Error Log String 02",false,,,,50,,,,"2nd most recent critical error message",,,
SSTR-000003,"Critical Error Log String 03",false,,,,50,,,,"3rd most recent critical error message",,,
SSTR-000004,"Critical Error Log String 04",false,,,,50,,,,"4th most recent critical error message",,,
SSTR-000005,"Critical Error Log String 05",false,,,,50,,,,"5th most recent critical error message",,,
SSTR-000006,"Critical Error Log String 06",false,,,,50,,,,"6th most recent critical error message",,,
SSTR-000007,"Critical Error Log String 07",false,,,,50,,,,"7th most recent critical error message",,,
SSTR-000008,"Critical Error Log String 08",false,,,,50,,,,"8th most recent critical error message",,,
SSTR-000009,"Critical Error Log String 09",false,,,,50,,,,"9th most recent critical error message",,,
SSTR-000010,"Critical Error Log String 10",false,,,,50,,,,"10th most recent critical error message",,,
SSTR-000011,"Critical Error Log String 11",false,,,,50,,,,"11th most recent critical error message",,,
SSTR-000012,"Critical Error Log String 12",false,,,,50,,,,"12th most recent critical error message",,,
SSTR-000013,"Critical Error Log String 13",false,,,,50,,,,"13th most recent critical error message",,,
SSTR-000014,"Critical Error Log String 14",false,,,,50,,,,"14th most recent critical error message",,,
SSTR-000015,"Critical Error Log String 15",false,,,,50,,,,"15th most recent critical error message",,,
SSTR-000016,"Critical Error Log String 16",false,,,,50,,,,"16th most recent critical error message",,,
SSTR-000017,"Critical Error Log String 17",false,,,,50,,,,"17th most recent critical error message",,,
SSTR-000018,"Critical Error Log String 18",false,,,,50,,,,"18th most recent critical error message",,,
SSTR-000019,"Critical Error Log String 19",false,,,,50,,,,"19th most recent critical error message",,,
SSTR-000020,"Critical Error Log String 20",false,,,,50,,,,"20th most recent critical error message",,,
SWR-001510,"Current Critical Error",false,"0",,,,,,,"current critical error number",,,
SWR-001516,"Current I/O Config Error Base",false,"0",,,,,,,"I/O base in which ""I/O Configuration Error"" occurred",,,
SWR-001515,"Current I/O Config Error Group",false,"0",,,,,,,"I/O group in which ""I/O Configuration Error"" occurred",,,
SWR-001517,"Current I/O Config Error Slot",false,"0",,,,,,,"I/O slot in which ""I/O Configuration Error"" occurred",,,
SWR-001511,"Current Non-critical Error",false,"0",,,,,,,"current noncritical error number",,,
DI-0.1.5.1,"DI-0.1.5.1",false,"0",,,,,,,,false,false,"0"
DI-0.1.5.2,"DI-0.1.5.2",false,"0",,,,,,,,false,false,"0"
DI-0.1.5.3,"DI-0.1.5.3",false,"0",,,,,,,,false,false,"0"
DI-0.1.5.4,"DI-0.1.5.4",false,"0",,,,,,,,false,false,"0"
DI-0.1.5.5,"DI-0.1.5.5",false,"0",,,,,,,,false,false,"0"
DI-0.1.5.6,"DI-0.1.5.6",false,"0",,,,,,,,false,false,"0"
DI-0.1.5.7,"DI-0.1.5.7",false,"0",,,,,,,,false,false,"0"
DI-0.1.5.8,"DI-0.1.5.8",false,"0",,,,,,,,false,false,"0"
DO-0.1.3.1,"DO-0.1.3.1",false,"0",000016,000016,,,,,,false,false,"0"
DO-0.1.3.2,"DO-0.1.3.2",false,"0",000017,000017,,,,,,false,false,"0"
DO-0.1.3.3,"DO-0.1.3.3",false,"0",000018,000018,,,,,,false,false,"0"
DO-0.1.3.4,"DO-0.1.3.4",false,"0",000019,000019,,,,,,false,false,"0"
DO-0.1.3.5,"DO-0.1.3.5",false,"0",000020,000020,,,,,,false,false,"0"
DO-0.1.3.6,"DO-0.1.3.6",false,"0",000021,000021,,,,,,false,false,"0"
DO-0.1.3.7,"DO-0.1.3.7",false,"0",000022,000022,,,,,,false,false,"0"
DO-0.1.3.8,"DO-0.1.3.8",false,"0",000023,000023,,,,,,false,false,"0"
DO-0.1.4.1,"DO-0.1.4.1",false,"0",000024,000024,,,,,,false,false,"0"
DO-0.1.4.2,"DO-0.1.4.2",false,"0",000025,000025,,,,,,false,false,"0"
DO-0.1.4.3,"DO-0.1.4.3",false,"0",000026,000026,,,,,,false,false,"0"
DO-0.1.4.4,"DO-0.1.4.4",false,"0",000027,000027,,,,,,false,false,"0"
C-000197,"DeaggHigh",false,"0",,,,,,,,false,false,"0"
S32-000411,"DeaggHighSeq.CycleNum",false,"0",,,,,,,,false,false,"0"
C-000198,"DeaggHighSeq.Done",false,"0",,,,,,,,false,false,"0"
S32-000410,"DeaggHighSeq.StepNum",false,"0",,,,,,,,false,false,"0"
S32-000412,"DeaggHighSeq.StepTime",false,"0",,,,,,,,false,false,"0"
C-000191,"DeaggLow",false,"0",,,,,,,,false,false,"0"
S32-000400,"DeaggLowSeq.CycleNum",false,"0",,,,,,,,false,false,"0"
C-000193,"DeaggLowSeq.Done",false,"0",,,,,,,,false,false,"0"
S32-000399,"DeaggLowSeq.StepNum",false,"0",,,,,,,,false,false,"0"
S32-000401,"DeaggLowSeq.StepTime",false,"0",,,,,,,,false,false,"0"
S32-000395,"DeaggLowValue",false,"30",,,,,,,,false,false,"0"
C-000196,"DeaggMed",false,"0",,,,,,,,false,false,"0"
S32-000408,"DeaggMedSeq.CycleNum",false,"0",,,,,,,,false,false,"0"
C-000195,"DeaggMedSeq.Done",false,"0",,,,,,,,false,false,"0"
S32-000407,"DeaggMedSeq.StepNum",false,"0",,,,,,,,false,false,"0"
S32-000409,"DeaggMedSeq.StepTime",false,"0",,,,,,,,false,false,"0"
C-000199,"DeaggOff",false,"0",,,,,,,,false,false,"0"
S32-000424,"DeaggOffSeq.CycleNum",false,"0",,,,,,,,false,false,"0"
C-000202,"DeaggOffSeq.Done",false,"0",,,,,,,,false,false,"0"
S32-000423,"DeaggOffSeq.StepNum",false,"0",,,,,,,,false,false,"0"
S32-000425,"DeaggOffSeq.StepTime",false,"0",,,,,,,,false,false,"0"
S32-000421,"DeaggStartup.CycleNum",false,"0",,,,,,,,false,false,"0"
C-000200,"DeaggStartup.Done",false,"0",,,,,,,,false,false,"0"
S32-000420,"DeaggStartup.StepNum",false,"0",,,,,,,,false,false,"0"
S32-000422,"DeaggStartup.StepTime",false,"0",,,,,,,,false,false,"0"
S32-000413,"Down.Accel",false,"0",,,,,,,,false,false,"0"
C-000043,"Down.Complete",false,"0",,,,,,,,false,false,"0"
S32-000414,"Down.Decel",false,"0",,,,,,,,false,false,"0"
C-000042,"Down.InProgress",false,"0",,,,,,,,false,false,"0"
S32-000415,"Down.Jerk",false,"0",,,,,,,,false,false,"0"
S32-000031,"Down.Preset1Target",false,"0",,,,,,,,false,false,"0"
S32-000032,"Down.Preset2Target",false,"0",,,,,,,,false,false,"0"
S32-000030,"Down.PresetPulseTime",false,"0",,,,,,,,false,false,"0"
S32-000027,"Down.RegCapture",false,"0",,,,,,,,false,false,"0"
S32-000416,"Down.RegCount",false,"0",,,,,,,,false,false,"0"
S32-000417,"Down.RegDecel",false,"0",,,,,,,,false,false,"0"
S32-000418,"Down.RegDelay",false,"0",,,,,,,,false,false,"0"
S32-000028,"Down.RegPulseTime",false,"0",,,,,,,,false,false,"0"
S32-000029,"Down.Status",false,"0",,,,,,,,false,false,"0"
F32-000010,"Down.Target",false,"0.0",,,,,,,,false,false,"0.0"
S32-000419,"Down.Velocity",false,"0",,,,,,,,false,false,"0"
SWR-001526,"Ethernet Speed [External]",false,"0",,,,,,,"""Ethernet"" port speed (Ethernet 10 or 100)",,,
SWR-001527,"Ethernet Speed [Internal]",false,"0",,,,,,,"""Remote I/O"" port speed (Ethernet 10 or 100)",,,
SBR-001004,"Every Other Scan Bit",false,"0",,,,,,,"toggles at the start of each scan",,,
S32-000007,"FeederFlowRate",false,"0",400115,400116,,,,,,false,false,"0"
S32-000003,"FeederPressure",false,"0",400111,400112,,,,,,false,false,"0"
C-000012,"FeederSwitch",false,"0",000004,000004,,,,,,false,false,"0"
SWR-001509,"Firmware Version",false,"0",,,,,,,"CPU Firmware Version Number in Hex (ex: 0x0102 is version 01.02 or 1.2)",,,
SSTR-000104,"Firmware Version[CPU]",false,,,,50,,,,"CPU firmware version viewed as 001.000.009.023",,,
SWR-001528,"Firmware Version[major]",false,"0",,,,,,,"CPU firmware Major version number in hex. (ex:  0x0100 =  major version 1.0)",,,
SWR-001529,"Firmware Version[minor]",false,"0",,,,,,,"CPU firmware Minor version number in hex. (ex: 0x0917 = minor version 9.23)",,,
SBR-001003,"First Scan Bit",false,"0",,,,,,,"On during first scan in Run or Debug mode",,,
SWR-001530,"First Scan Interval [x100=usec]",false,"0",,,,,,,"Holds the value of the First Scan time",,,
SBR-001007,"Forces Enabled",false,"0",,,,,,,"On if any forces are enabled",,,
F32-000056,"Forward.Accel",false,"0.0",,,,,,,,false,false,"0.0"
C-000080,"Forward.Complete",false,"0",,,,,,,,false,false,"0"
F32-000057,"Forward.Decel",false,"0.0",,,,,,,,false,false,"0.0"
C-000079,"Forward.InProgress",false,"0",,,,,,,,false,false,"0"
S32-000171,"Forward.Jerk",false,"0",,,,,,,,false,false,"0"
S32-000179,"Forward.Preset1Target",false,"0",,,,,,,,false,false,"0"
S32-000180,"Forward.Preset2Target",false,"0",,,,,,,,false,false,"0"
S32-000178,"Forward.PresetPulseTime",false,"0",,,,,,,,false,false,"0"
S32-000175,"Forward.RegCapture",false,"0",,,,,,,,false,false,"0"
S32-000172,"Forward.RegCount",false,"0",,,,,,,,false,false,"0"
S32-000174,"Forward.RegDecel",false,"0",,,,,,,,false,false,"0"
S32-000173,"Forward.RegDelay",false,"0",,,,,,,,false,false,"0"
S32-000176,"Forward.RegPulseTime",false,"0",,,,,,,,false,false,"0"
S32-000177,"Forward.Status",false,"0",,,,,,,,false,false,"0"
F32-000054,"Forward.Target",false,"0.0",,,,,,,,false,false,"0.0"
F32-000055,"Forward.Velocity",false,"0.0",,,,,,,,false,false,"0.0"
C-000153,"Go",false,"0",,,,,,,,false,false,"0"
C-000241,"HomeX",false,"0",000038,000038,,,,,,false,false,"0"
C-000244,"HomeY",false,"0",000039,000039,,,,,,false,false,"0"
C-000245,"HomeZ",false,"0",000040,000040,,,,,,false,false,"0"
C-000055,"Horizontal.Complete",false,"0",,,,,,,,false,false,"0"
C-000054,"Horizontal.InProgress",false,"0",,,,,,,,false,false,"0"
S32-000066,"Horizontal.Jerk",false,"0",,,,,,,,false,false,"0"
S32-000065,"Horizontal.Ramps",false,"0",,,,,,,,false,false,"0"
S32-000064,"Horizontal.Segment",false,"0",,,,,,,,false,false,"0"
S32-000063,"Horizontal.Status",false,"0",,,,,,,,false,false,"0"
C-000151,"HorizontalButton",false,"0",,,,,,,,false,false,"0"
F32-000115,"HorizontalPass",false,"0.0",,,,,,,,false,false,"0.0"
F32-000100,"HorizontalPassDistance",false,"0.0",,,,,,,,false,false,"0.0"
F32-000101,"HorizontalPassDistanceNeg",false,"0.0",,,,,,,,false,false,"0.0"
F32-000099,"HorizontalVelocity",false,"0.0",,,,,,,,false,false,"0.0"
SBR-001015,"I/O Configuration Error",false,"0",,,,,,,"On if actual I/O configuration and project I/O configuration do not match",,,
SBR-001014,"I/O Error",false,"0",,,,,,,"On for any module error (such as a blown fuse)",,,
SWRW-001758,"Identify Module Base Number",false,"0",,,,,,,"base number of module to be identified (See ""Requested Module Name"" tag)",,,
SWRW-001757,"Identify Module Group Number",false,"0",,,,,,,"group number of module to be identified (See ""Requested Module Name"" tag)",,,
SBRW-001005,"Identify Module Request bit",false,"0",,,,,,,"set On to refresh ""Requested Module Name"" tag per the 3 ""Identify"" GBS tags",,,
SWRW-001759,"Identify Module Slot Number",false,"0",,,,,,,"slot number of module to be identified (See ""Requested Module Name"" tag)",,,
SBRW-001002,"Initiate_New_Date",false,"0",,,,,,,"set On to change clock date (see ""Clock Year Set"" tag)",,,
SBRW-001001,"Initiate_New_Time",false,"0",,,,,,,"set On to change clock time (see ""Clock Hours Set"" tag)",,,
F32-000076,"JogBackward.Accel",false,"200",,,,,,,,false,false,"0.0"
C-000138,"JogBackward.Complete",false,"0",,,,,,,,false,false,"0"
F32-000077,"JogBackward.Decel",false,"200",,,,,,,,false,false,"0.0"
C-000137,"JogBackward.InProgress",false,"0",,,,,,,,false,false,"0"
S32-000292,"JogBackward.Jerk",false,"0",,,,,,,,false,false,"0"
S32-000300,"JogBackward.Preset1Target",false,"0",,,,,,,,false,false,"0"
S32-000301,"JogBackward.Preset2Target",false,"0",,,,,,,,false,false,"0"
S32-000299,"JogBackward.PresetPulseTime",false,"0",,,,,,,,false,false,"0"
S32-000296,"JogBackward.RegCapture",false,"0",,,,,,,,false,false,"0"
S32-000293,"JogBackward.RegCount",false,"0",,,,,,,,false,false,"0"
S32-000295,"JogBackward.RegDecel",false,"0",,,,,,,,false,false,"0"
S32-000294,"JogBackward.RegDelay",false,"0",,,,,,,,false,false,"0"
S32-000297,"JogBackward.RegPulseTime",false,"0",,,,,,,,false,false,"0"
S32-000298,"JogBackward.Status",false,"0",,,,,,,,false,false,"0"
F32-000074,"JogBackward.Target",false,"10",,,,,,,,false,false,"0.0"
F32-000075,"JogBackward.Velocity",false,"50",,,,,,,,false,false,"0.0"
C-000136,"JogBackwardButton",false,"0",,,,,,,,false,false,"0"
S32-000533,"JogDistance",false,"5",,,,,,,,false,false,"0"
F32-000080,"JogDown.Accel",false,"100",,,,,,,,false,false,"0.0"
C-000140,"JogDown.Complete",false,"0",,,,,,,,false,false,"0"
F32-000081,"JogDown.Decel",false,"100",,,,,,,,false,false,"0.0"
C-000139,"JogDown.InProgress",false,"0",,,,,,,,false,false,"0"
S32-000306,"JogDown.Jerk",false,"0",,,,,,,,false,false,"0"
S32-000314,"JogDown.Preset1Target",false,"0",,,,,,,,false,false,"0"
S32-000315,"JogDown.Preset2Target",false,"0",,,,,,,,false,false,"0"
S32-000313,"JogDown.PresetPulseTime",false,"0",,,,,,,,false,false,"0"
S32-000310,"JogDown.RegCapture",false,"0",,,,,,,,false,false,"0"
S32-000307,"JogDown.RegCount",false,"0",,,,,,,,false,false,"0"
S32-000309,"JogDown.RegDecel",false,"0",,,,,,,,false,false,"0"
S32-000308,"JogDown.RegDelay",false,"0",,,,,,,,false,false,"0"
S32-000311,"JogDown.RegPulseTime",false,"0",,,,,,,,false,false,"0"
S32-000312,"JogDown.Status",false,"0",,,,,,,,false,false,"0"
F32-000078,"JogDown.Target",false,"10",,,,,,,,false,false,"0.0"
F32-000079,"JogDown.Velocity",false,"20",,,,,,,,false,false,"0.0"
C-000141,"JogDownButton",false,"0",,,,,,,,false,false,"0"
F32-000084,"JogForward.Accel",false,"200",,,,,,,,false,false,"0.0"
C-000130,"JogForward.Complete",false,"0",,,,,,,,false,false,"0"
F32-000085,"JogForward.Decel",false,"200",,,,,,,,false,false,"0.0"
C-000129,"JogForward.InProgress",false,"0",,,,,,,,false,false,"0"
S32-000264,"JogForward.Jerk",false,"0",,,,,,,,false,false,"0"
S32-000272,"JogForward.Preset1Target",false,"0",,,,,,,,false,false,"0"
S32-000273,"JogForward.Preset2Target",false,"0",,,,,,,,false,false,"0"
S32-000271,"JogForward.PresetPulseTime",false,"0",,,,,,,,false,false,"0"
S32-000268,"JogForward.RegCapture",false,"0",,,,,,,,false,false,"0"
S32-000265,"JogForward.RegCount",false,"0",,,,,,,,false,false,"0"
S32-000267,"JogForward.RegDecel",false,"0",,,,,,,,false,false,"0"
S32-000266,"JogForward.RegDelay",false,"0",,,,,,,,false,false,"0"
S32-000269,"JogForward.RegPulseTime",false,"0",,,,,,,,false,false,"0"
S32-000270,"JogForward.Status",false,"0",,,,,,,,false,false,"0"
F32-000082,"JogForward.Target",false,"10",,,,,,,,false,false,"0.0"
F32-000083,"JogForward.Velocity",false,"50",,,,,,,,false,false,"0.0"
C-000135,"JogForwardButton",false,"0",,,,,,,,false,false,"0"
F32-000088,"JogLeft.Accel",false,"200",400009,400010,,,,,,false,false,"0.0"
C-000128,"JogLeft.Complete",false,"0",000003,000003,,,,,,false,false,"0"
F32-000089,"JogLeft.Decel",false,"200",400011,400012,,,,,,false,false,"0.0"
C-000127,"JogLeft.InProgress",false,"0",000002,000002,,,,,,false,false,"0"
S32-000250,"JogLeft.Jerk",false,"0",400013,400014,,,,,,false,false,"0"
S32-000258,"JogLeft.Preset1Target",false,"0",400029,400030,,,,,,false,false,"0"
S32-000259,"JogLeft.Preset2Target",false,"0",,,,,,,,false,false,"0"
S32-000257,"JogLeft.PresetPulseTime",false,"0",400027,400028,,,,,,false,false,"0"
S32-000254,"JogLeft.RegCapture",false,"0",400021,400022,,,,,,false,false,"0"
S32-000251,"JogLeft.RegCount",false,"0",400015,400016,,,,,,false,false,"0"
S32-000253,"JogLeft.RegDecel",false,"0",400019,400020,,,,,,false,false,"0"
S32-000252,"JogLeft.RegDelay",false,"0",400017,400018,,,,,,false,false,"0"
S32-000255,"JogLeft.RegPulseTime",false,"0",400023,400024,,,,,,false,false,"0"
S32-000256,"JogLeft.Status",false,"0",400025,400026,,,,,,false,false,"0"
F32-000086,"JogLeft.Target",false,"10",400005,400006,,,,,,false,false,"0.0"
F32-000087,"JogLeft.Velocity",false,"50",400007,400008,,,,,,false,false,"0.0"
C-000133,"JogLeftButton",false,"0",,,,,,,,false,false,"0"
C-000257,"JogOverwrite",false,"0",,,,,,,,false,false,"0"
F32-000072,"JogRight.Accel",false,"200",,,,,,,,false,false,"0.0"
C-000088,"JogRight.Complete",false,"0",,,,,,,,false,false,"0"
F32-000073,"JogRight.Decel",false,"200",,,,,,,,false,false,"0.0"
C-000087,"JogRight.InProgress",false,"0",,,,,,,,false,false,"0"
S32-000211,"JogRight.Jerk",false,"0",,,,,,,,false,false,"0"
S32-000219,"JogRight.Preset1Target",false,"0",,,,,,,,false,false,"0"
S32-000220,"JogRight.Preset2Target",false,"0",,,,,,,,false,false,"0"
S32-000218,"JogRight.PresetPulseTime",false,"0",,,,,,,,false,false,"0"
S32-000215,"JogRight.RegCapture",false,"0",,,,,,,,false,false,"0"
S32-000212,"JogRight.RegCount",false,"0",,,,,,,,false,false,"0"
S32-000214,"JogRight.RegDecel",false,"0",,,,,,,,false,false,"0"
S32-000213,"JogRight.RegDelay",false,"0",,,,,,,,false,false,"0"
S32-000216,"JogRight.RegPulseTime",false,"0",,,,,,,,false,false,"0"
S32-000217,"JogRight.Status",false,"0",,,,,,,,false,false,"0"
F32-000070,"JogRight.Target",false,"10",,,,,,,,false,false,"0.0"
F32-000071,"JogRight.Velocity",false,"50",,,,,,,,false,false,"0.0"
C-000126,"JogRightButton",false,"0",,,,,,,,false,false,"0"
F32-000092,"JogUp.Accel",false,"100",,,,,,,,false,false,"0.0"
C-000132,"JogUp.Complete",false,"0",,,,,,,,false,false,"0"
F32-000093,"JogUp.Decel",false,"100",,,,,,,,false,false,"0.0"
C-000131,"JogUp.InProgress",false,"0",,,,,,,,false,false,"0"
S32-000278,"JogUp.Jerk",false,"0",,,,,,,,false,false,"0"
S32-000286,"JogUp.Preset1Target",false,"0",,,,,,,,false,false,"0"
S32-000287,"JogUp.Preset2Target",false,"0",,,,,,,,false,false,"0"
S32-000285,"JogUp.PresetPulseTime",false,"0",,,,,,,,false,false,"0"
S32-000282,"JogUp.RegCapture",false,"0",,,,,,,,false,false,"0"
S32-000279,"JogUp.RegCount",false,"0",,,,,,,,false,false,"0"
S32-000281,"JogUp.RegDecel",false,"0",,,,,,,,false,false,"0"
S32-000280,"JogUp.RegDelay",false,"0",,,,,,,,false,false,"0"
S32-000283,"JogUp.RegPulseTime",false,"0",,,,,,,,false,false,"0"
S32-000284,"JogUp.Status",false,"0",,,,,,,,false,false,"0"
F32-000090,"JogUp.Target",false,"10",,,,,,,,false,false,"0.0"
F32-000091,"JogUp.Velocity",false,"20",,,,,,,,false,false,"0.0"
C-000134,"JogUpButton",false,"0",,,,,,,,false,false,"0"
S32-000534,"JogVelocity",false,"15",,,,,,,,false,false,"0"
SWR-001504,"Last Logic Scan Time [x100=usec]",false,"0",,,,,,,"most recent logic scan time",,,
SWR-001501,"Last Scan Interval [x100=usec]",false,"0",,,,,,,"most recent overall scan time",,,
F32-000020,"Left.Accel",false,"0.0",,,,,,,,false,false,"0.0"
C-000047,"Left.Complete",false,"0",,,,,,,,false,false,"0"
F32-000021,"Left.Decel",false,"0.0",,,,,,,,false,false,"0.0"
C-000046,"Left.InProgress",false,"0",,,,,,,,false,false,"0"
S32-000043,"Left.Jerk",false,"0",,,,,,,,false,false,"0"
S32-000051,"Left.Preset1Target",false,"0",,,,,,,,false,false,"0"
S32-000052,"Left.Preset2Target",false,"0",,,,,,,,false,false,"0"
S32-000050,"Left.PresetPulseTime",false,"0",,,,,,,,false,false,"0"
S32-000047,"Left.RegCapture",false,"0",,,,,,,,false,false,"0"
S32-000044,"Left.RegCount",false,"0",,,,,,,,false,false,"0"
S32-000046,"Left.RegDecel",false,"0",,,,,,,,false,false,"0"
S32-000045,"Left.RegDelay",false,"0",,,,,,,,false,false,"0"
S32-000048,"Left.RegPulseTime",false,"0",,,,,,,,false,false,"0"
S32-000049,"Left.Status",false,"0",,,,,,,,false,false,"0"
F32-000018,"Left.Target",false,"0.0",,,,,,,,false,false,"0.0"
F32-000019,"Left.Velocity",false,"0.0",,,,,,,,false,false,"0.0"
C-000256,"LoopedSerp",false,"0",,,,,,,,false,false,"0"
MST-0.0.0.1,"MST-0.0.0.1",false,"0",,,,,,,"RS232 Heartbeat Timeout Bit",false,false,"0"
MST-0.0.0.2,"MST-0.0.0.2",false,"0",,,,,,,"RS232 Port Buffer Full Bit (95% Full)",false,false,"0"
MST-0.0.0.3,"MST-0.0.0.3",false,"0",,,,,,,"RS232 Port Ready Bit",false,false,"0"
MST-0.0.0.33,"MST-0.0.0.33",false,"0",,,,,,,"RS485 Heartbeat Timeout Bit",false,false,"0"
MST-0.0.0.34,"MST-0.0.0.34",false,"0",,,,,,,"RS485 Port Buffer Full Bit (95% Full)",false,false,"0"
MST-0.0.0.35,"MST-0.0.0.35",false,"0",,,,,,,"RS485 Port Ready Bit",false,false,"0"
MST-0.0.0.65,"MST-0.0.0.65",false,"0",,,,,,,"Ethernet Heartbeat Timeout Bit",false,false,"0"
MST-0.0.0.66,"MST-0.0.0.66",false,"0",,,,,,,"Ethernet Port Buffer Full Bit (95% Full)",false,false,"0"
MST-0.0.0.67,"MST-0.0.0.67",false,"0",,,,,,,"Ethernet Port Ready Bit",false,false,"0"
MST-0.1.1.25,"MST-0.1.1.25",false,"0",,,,,,,"Module Failed",false,false,"0"
MST-0.1.1.26,"MST-0.1.1.26",false,"0",,,,,,,"Missing 24V",false,false,"0"
MST-0.1.1.57,"MST-0.1.1.57",false,"0",,,,,,,"Under Range Error (1)",false,false,"0"
MST-0.1.1.58,"MST-0.1.1.58",false,"0",,,,,,,"Under Range Error (2)",false,false,"0"
MST-0.1.1.59,"MST-0.1.1.59",false,"0",,,,,,,"Under Range Error (3)",false,false,"0"
MST-0.1.1.60,"MST-0.1.1.60",false,"0",,,,,,,"Under Range Error (4)",false,false,"0"
MST-0.1.1.61,"MST-0.1.1.61",false,"0",,,,,,,"Under Range Error (5)",false,false,"0"
MST-0.1.1.62,"MST-0.1.1.62",false,"0",,,,,,,"Under Range Error (6)",false,false,"0"
MST-0.1.1.63,"MST-0.1.1.63",false,"0",,,,,,,"Under Range Error (7)",false,false,"0"
MST-0.1.1.64,"MST-0.1.1.64",false,"0",,,,,,,"Under Range Error (8)",false,false,"0"
MST-0.1.1.89,"MST-0.1.1.89",false,"0",,,,,,,"Over Range Error (1)",false,false,"0"
MST-0.1.1.90,"MST-0.1.1.90",false,"0",,,,,,,"Over Range Error (2)",false,false,"0"
MST-0.1.1.91,"MST-0.1.1.91",false,"0",,,,,,,"Over Range Error (3)",false,false,"0"
MST-0.1.1.92,"MST-0.1.1.92",false,"0",,,,,,,"Over Range Error (4)",false,false,"0"
MST-0.1.1.93,"MST-0.1.1.93",false,"0",,,,,,,"Over Range Error (5)",false,false,"0"
MST-0.1.1.94,"MST-0.1.1.94",false,"0",,,,,,,"Over Range Error (6)",false,false,"0"
MST-0.1.1.95,"MST-0.1.1.95",false,"0",,,,,,,"Over Range Error (7)",false,false,"0"
MST-0.1.1.96,"MST-0.1.1.96",false,"0",,,,,,,"Over Range Error (8)",false,false,"0"
MST-0.1.2.25,"MST-0.1.2.25",false,"0",,,,,,,"Module Failed",false,false,"0"
MST-0.1.2.26,"MST-0.1.2.26",false,"0",,,,,,,"Missing 24V",false,false,"0"
MST-0.1.6.25,"MST-0.1.6.25",false,"0",,,,,,,"Module Failed",false,false,"0"
S32-000006,"MainFlowRate",false,"0",400113,400114,,,,,,false,false,"0"
C-000229,"MainGasCheckHigh.Equal",false,"0",,,,,,,,false,false,"0"
C-000228,"MainGasCheckHigh.Greater",false,"0",,,,,,,,false,false,"0"
S32-000537,"MainGasCheckHigh.Input1",false,"0",,,,,,,,false,false,"0"
S32-000538,"MainGasCheckHigh.Input2",false,"120",,,,,,,,false,false,"0"
C-000230,"MainGasCheckHigh.Less",false,"0",,,,,,,,false,false,"0"
C-000232,"MainGasCheckLow.Equal",false,"0",,,,,,,,false,false,"0"
C-000231,"MainGasCheckLow.Greater",false,"0",,,,,,,,false,false,"0"
S32-000539,"MainGasCheckLow.Input1",false,"0",,,,,,,,false,false,"0"
S32-000540,"MainGasCheckLow.Input2",false,"80",,,,,,,,false,false,"0"
C-000233,"MainGasCheckLow.Less",false,"0",,,,,,,,false,false,"0"
S32-000001,"MainGasPressure",false,"0",400001,400002,,,,,,false,false,"0"
C-000011,"MainSwitch",false,"0",000001,000001,,,,,,false,false,"0"
C-000034,"MechPumpStart",false,"0",000028,000028,,,,,,false,false,"0"
C-000036,"MechPumpStop",false,"0",000029,000029,,,,,,false,false,"0"
C-000221,"MoveX",false,"0",000032,000032,,,,,,false,false,"0"
C-000234,"MoveXY",false,"0",000037,000037,,,,,,false,false,"0"
C-000222,"MoveY",false,"0",000033,000033,,,,,,false,false,"0"
C-000223,"MoveZ",false,"0",000034,000034,,,,,,false,false,"0"
C-000187,"NewTest.Complete",false,"0",,,,,,,,false,false,"0"
C-000186,"NewTest.InProgress",false,"0",,,,,,,,false,false,"0"
S32-000388,"NewTest.Jerk",false,"0",,,,,,,,false,false,"0"
S32-000387,"NewTest.Ramps",false,"25",,,,,,,,false,false,"0"
S32-000386,"NewTest.Segment",false,"0",,,,,,,,false,false,"0"
S32-000385,"NewTest.Status",false,"0",,,,,,,,false,false,"0"
SBR-001013,"Noncritical Error Bit",false,"0",,,,,,,"On when a noncritical error is active",,,
SWR-000021,"Noncritical Error Log 01",false,"0",,,,,,,"most recent noncritical error",,,
SWR-000022,"Noncritical Error Log 02",false,"0",,,,,,,"2nd most recent noncritical error",,,
SWR-000023,"Noncritical Error Log 03",false,"0",,,,,,,"3rd most recent noncritical error",,,
SWR-000024,"Noncritical Error Log 04",false,"0",,,,,,,"4th most recent noncritical error",,,
SWR-000025,"Noncritical Error Log 05",false,"0",,,,,,,"5th most recent noncritical error",,,
SWR-000026,"Noncritical Error Log 06",false,"0",,,,,,,"6th most recent noncritical error",,,
SWR-000027,"Noncritical Error Log 07",false,"0",,,,,,,"7th most recent noncritical error",,,
SWR-000028,"Noncritical Error Log 08",false,"0",,,,,,,"8th most recent noncritical error",,,
SWR-000029,"Noncritical Error Log 09",false,"0",,,,,,,"9th most recent noncritical error",,,
SWR-000030,"Noncritical Error Log 10",false,"0",,,,,,,"10th most recent noncritical error",,,
SWR-000031,"Noncritical Error Log 11",false,"0",,,,,,,"11th most recent noncritical error",,,
SWR-000032,"Noncritical Error Log 12",false,"0",,,,,,,"12th most recent noncritical error",,,
SWR-000033,"Noncritical Error Log 13",false,"0",,,,,,,"13th most recent noncritical error",,,
SWR-000034,"Noncritical Error Log 14",false,"0",,,,,,,"14th most recent noncritical error",,,
SWR-000035,"Noncritical Error Log 15",false,"0",,,,,,,"15th most recent noncritical error",,,
SWR-000036,"Noncritical Error Log 16",false,"0",,,,,,,"16th most recent noncritical error",,,
SWR-000037,"Noncritical Error Log 17",false,"0",,,,,,,"17th most recent noncritical error",,,
SWR-000038,"Noncritical Error Log 18",false,"0",,,,,,,"18th most recent noncritical error",,,
SWR-000039,"Noncritical Error Log 19",false,"0",,,,,,,"19th most recent noncritical error",,,
SWR-000040,"Noncritical Error Log 20",false,"0",,,,,,,"20th most recent noncritical error",,,
SSTR-000021,"Noncritical Error Log String 01",false,,,,50,,,,"most recent noncritical error message",,,
SSTR-000022,"Noncritical Error Log String 02",false,,,,50,,,,"2nd most recent noncritical error message",,,
SSTR-000023,"Noncritical Error Log String 03",false,,,,50,,,,"3rd most recent noncritical error message",,,
SSTR-000024,"Noncritical Error Log String 04",false,,,,50,,,,"4th most recent noncritical error message",,,
SSTR-000025,"Noncritical Error Log String 05",false,,,,50,,,,"5th most recent noncritical error message",,,
SSTR-000026,"Noncritical Error Log String 06",false,,,,50,,,,"6th most recent noncritical error message",,,
SSTR-000027,"Noncritical Error Log String 07",false,,,,50,,,,"7th most recent noncritical error message",,,
SSTR-000028,"Noncritical Error Log String 08",false,,,,50,,,,"8th most recent noncritical error message",,,
SSTR-000029,"Noncritical Error Log String 09",false,,,,50,,,,"9th most recent noncritical error message",,,
SSTR-000030,"Noncritical Error Log String 10",false,,,,50,,,,"10th most recent noncritical error message",,,
SSTR-000031,"Noncritical Error Log String 11",false,,,,50,,,,"11th most recent noncritical error message",,,
SSTR-000032,"Noncritical Error Log String 12",false,,,,50,,,,"12th most recent noncritical error message",,,
SSTR-000033,"Noncritical Error Log String 13",false,,,,50,,,,"13th most recent noncritical error message",,,
SSTR-000034,"Noncritical Error Log String 14",false,,,,50,,,,"14th most recent noncritical error message",,,
SSTR-000035,"Noncritical Error Log String 15",false,,,,50,,,,"15th most recent noncritical error message",,,
SSTR-000036,"Noncritical Error Log String 16",false,,,,50,,,,"16th most recent noncritical error message",,,
SSTR-000037,"Noncritical Error Log String 17",false,,,,50,,,,"17th most recent noncritical error message",,,
SSTR-000038,"Noncritical Error Log String 18",false,,,,50,,,,"18th most recent noncritical error message",,,
SSTR-000039,"Noncritical Error Log String 19",false,,,,50,,,,"19th most recent noncritical error message",,,
SSTR-000040,"Noncritical Error Log String 20",false,,,,50,,,,"20th most recent noncritical error message",,,
S32-000490,"NozzlePressure",false,"0",400157,400158,,,,,,false,false,"0"
C-000016,"NozzleSelect",false,"0",000006,000006,,,,,,false,false,"0"
SWRW-000251,"Number of Critical Errors",false,"0",,,,,,,"number of critical errors",,,
SWRW-000252,"Number of Non-critical Errors",false,"0",,,,,,,"number of noncritical errors",,,
C-000022,"Open",false,"0",000014,000014,,,,,,false,false,"0"
S32-000605,"OverwriteLoop.CycleNum",false,"0",,,,,,,,false,false,"0"
C-000254,"OverwriteLoop.Done",false,"0",,,,,,,,false,false,"0"
S32-000604,"OverwriteLoop.StepNum",false,"0",,,,,,,,false,false,"0"
S32-000606,"OverwriteLoop.StepTime",false,"0",,,,,,,,false,false,"0"
C-000255,"OverwriteTest",false,"0",,,,,,,,false,false,"0"
SSTR-000105,"PLC LCD Display[CPU]",false,,,,50,,,,"PLC LCD Data Display",,,
C-000023,"Partial",false,"0",000015,000015,,,,,,false,false,"0"
SWR-001505,"Peak Logic Scan Time [x100=usec]",false,"0",,,,,,,"longest logic scan time",,,
SWR-001502,"Peak Scan Interval [x100=usec]",false,"0",,,,,,,"longest overall scan time",,,
C-000060,"PlaceHolder",false,"0",,,,,,,,false,false,"0"
SBRW-001006,"Portable Memory Device Eject",false,"0",,,,,,,"Users set to 1(ON) and the system reset to 0 as eject is completed",,,
SBR-000001,"Portable Memory Device Ready",false,"0",,,,,,,"PMD is installed and ready to use",,,
SWR-001512,"Program Memory Size",false,"0",,,,,,,"current percentage of CPU memory used by the project",,,
SBRW-001003,"Refresh Critical Error Log",false,"0",,,,,,,"set On to refresh the ""Critical Error Log""",,,
SBRW-001004,"Refresh Non-Critical Error Log",false,"0",,,,,,,"set On to refresh the ""Noncritical Error Log""",,,
S32-000002,"RegulatorPressure",false,"0",400109,400110,,,,,,false,false,"0"
SSTR-000103,"Requested Module Name",false,,,,50,,,,"name of specified module (see ""Identify Module Request bit"")",,,
F32-000048,"Right.Accel",false,"0.0",,,,,,,,false,false,"0.0"
C-000072,"Right.Complete",false,"0",,,,,,,,false,false,"0"
F32-000049,"Right.Decel",false,"0.0",,,,,,,,false,false,"0.0"
C-000071,"Right.InProgress",false,"0",,,,,,,,false,false,"0"
S32-000107,"Right.Jerk",false,"0",,,,,,,,false,false,"0"
S32-000115,"Right.Preset1Target",false,"0",,,,,,,,false,false,"0"
S32-000116,"Right.Preset2Target",false,"0",,,,,,,,false,false,"0"
S32-000114,"Right.PresetPulseTime",false,"0",,,,,,,,false,false,"0"
S32-000111,"Right.RegCapture",false,"0",,,,,,,,false,false,"0"
S32-000108,"Right.RegCount",false,"0",,,,,,,,false,false,"0"
S32-000110,"Right.RegDecel",false,"0",,,,,,,,false,false,"0"
S32-000109,"Right.RegDelay",false,"0",,,,,,,,false,false,"0"
S32-000112,"Right.RegPulseTime",false,"0",,,,,,,,false,false,"0"
S32-000113,"Right.Status",false,"0",,,,,,,,false,false,"0"
F32-000046,"Right.Target",false,"0.0",,,,,,,,false,false,"0.0"
F32-000047,"Right.Velocity",false,"0.0",,,,,,,,false,false,"0.0"
S32-000337,"SequenceTest.CycleNum",false,"0",,,,,,,,false,false,"0"
C-000181,"SequenceTest.Done",false,"0",,,,,,,,false,false,"0"
S32-000336,"SequenceTest.StepNum",false,"0",,,,,,,,false,false,"0"
S32-000338,"SequenceTest.StepTime",false,"0",,,,,,,,false,false,"0"
C-000250,"SerpDone",false,"0",,,,,,,,false,false,"0"
S32-000597,"SerpLoopCurrent",false,"0",,,,,,,,false,false,"0"
S32-000598,"SerpLoops",false,"20",400165,400166,,,,,,false,false,"0"
S32-000600,"SerpOverwrites",false,"5",400159,400160,,,,,,false,false,"0"
F32-000106,"SerpRamps",false,"50",,,,,,,,false,false,"0.0"
C-000251,"SerpReset",false,"0",,,,,,,,false,false,"0"
F32-000118,"SerpReturn",false,"40",400163,400164,,,,,,false,false,"0.0"
F32-000119,"SerpRunOut",false,"10.0",,,,,,,,false,false,"0.0"
S32-000602,"SerpStatus.CycleNum",false,"0",,,,,,,,false,false,"0"
C-000253,"SerpStatus.Done",false,"0",,,,,,,,false,false,"0"
S32-000601,"SerpStatus.StepNum",false,"0",,,,,,,,false,false,"0"
S32-000603,"SerpStatus.StepTime",false,"0",,,,,,,,false,false,"0"
S32-000599,"SerpVelocity",false,"10",400161,400162,,,,,,false,false,"0"
F32-000116,"SerpXDist",false,"30",400169,400170,,,,,,false,false,"0.0"
F32-000117,"SerpYPitch",false,"1",400167,400168,,,,,,false,false,"0.0"
C-000185,"Serpentine.Complete",false,"0",,,,,,,,false,false,"0"
C-000184,"Serpentine.InProgress",false,"0",,,,,,,,false,false,"0"
S32-000382,"Serpentine.LINJerk",false,"0",,,,,,,,false,false,"0"
S32-000381,"Serpentine.LINRamps",false,"50",,,,,,,,false,false,"0"
S32-000380,"Serpentine.LINVelocity",false,"20",,,,,,,,false,false,"0"
S32-000363,"Serpentine.LoopCount",false,"0",,,,,,,,false,false,"0"
S32-000362,"Serpentine.Segment",false,"0",,,,,,,,false,false,"0"
S32-000361,"Serpentine.Status",false,"0",,,,,,,,false,false,"0"
S32-000379,"Serpentine.ToolJerk",false,"0",,,,,,,,false,false,"0"
S32-000376,"Serpentine.ToolPosition",false,"0",,,,,,,,false,false,"0"
S32-000378,"Serpentine.ToolRamps",false,"0",,,,,,,,false,false,"0"
S32-000377,"Serpentine.ToolVelocity",false,"0",,,,,,,,false,false,"0"
S32-000367,"Serpentine.XJerk",false,"0",,,,,,,,false,false,"0"
S32-000364,"Serpentine.XPosition",false,"0",,,,,,,,false,false,"0"
F32-000108,"Serpentine.XRamps",false,"50",,,,,,,,false,false,"0.0"
F32-000107,"Serpentine.XVelocity",false,"20",,,,,,,,false,false,"0.0"
S32-000371,"Serpentine.YJerk",false,"0",,,,,,,,false,false,"0"
S32-000384,"Serpentine.YPosition",false,"0",,,,,,,,false,false,"0"
F32-000111,"Serpentine.YRamps",false,"50",,,,,,,,false,false,"0.0"
F32-000110,"Serpentine.YVelocity",false,"20",,,,,,,,false,false,"0.0"
S32-000375,"Serpentine.ZJerk",false,"0",,,,,,,,false,false,"0"
S32-000372,"Serpentine.ZPosition",false,"0",,,,,,,,false,false,"0"
S32-000374,"Serpentine.ZRamps",false,"0",,,,,,,,false,false,"0"
S32-000373,"Serpentine.ZVelocity",false,"0",,,,,,,,false,false,"0"
C-000188,"SerpentineButton",false,"0",,,,,,,,false,false,"0"
C-000252,"SetHome",false,"0",000047,000047,,,,,,false,false,"0"
C-000019,"Shutter",false,"0",000013,000013,,,,,,false,false,"0"
C-000203,"StartSerpentine",false,"0",,,,,,,,false,false,"0"
SBR-001010,"Switch in Run Bit",false,"0",,,,,,,"On if CPU Switch is up (Run)",,,
SBR-001011,"Switch in Stop Bit",false,"0",,,,,,,"On if CPU Switch is down (Stop)",,,
SWR-001507,"Total Scan Count1",false,"0",,,,,,,"total number of scans since entering Run mode (S32 low word)",,,
SWR-001508,"Total Scan Count2",false,"0",,,,,,,"total number of scans since entering Run mode (S32 high word)",,,
F32-000064,"Up.Accel",false,"0.0",,,,,,,,false,false,"0.0"
C-000084,"Up.Complete",false,"0",,,,,,,,false,false,"0"
F32-000065,"Up.Decel",false,"0.0",,,,,,,,false,false,"0.0"
C-000083,"Up.InProgress",false,"0",,,,,,,,false,false,"0"
S32-000191,"Up.Jerk",false,"0",,,,,,,,false,false,"0"
S32-000199,"Up.Preset1Target",false,"0",,,,,,,,false,false,"0"
S32-000200,"Up.Preset2Target",false,"0",,,,,,,,false,false,"0"
S32-000198,"Up.PresetPulseTime",false,"0",,,,,,,,false,false,"0"
S32-000195,"Up.RegCapture",false,"0",,,,,,,,false,false,"0"
S32-000192,"Up.RegCount",false,"0",,,,,,,,false,false,"0"
S32-000194,"Up.RegDecel",false,"0",,,,,,,,false,false,"0"
S32-000193,"Up.RegDelay",false,"0",,,,,,,,false,false,"0"
S32-000196,"Up.RegPulseTime",false,"0",,,,,,,,false,false,"0"
S32-000197,"Up.Status",false,"0",,,,,,,,false,false,"0"
F32-000062,"Up.Target",false,"0.0",,,,,,,,false,false,"0.0"
F32-000063,"Up.Velocity",false,"0.0",,,,,,,,false,false,"0.0"
C-000013,"VentSwitch",false,"0",000005,000005,,,,,,false,false,"0"
C-000154,"VerticalButton",false,"0",,,,,,,,false,false,"0"
SBR-001016,"Watchdog Timeout",false,"0",,,,,,,"On if the actual scan time has exceeded the limit set in the project",,,
S32-000493,"XAxis.Accel",false,"0",400041,400042,,,,,,false,false,"0"
C-000216,"XAxis.Complete",false,"0",000008,000008,,,,,,false,false,"0"
S32-000494,"XAxis.Decel",false,"0",400061,400062,,,,,,false,false,"0"
C-000215,"XAxis.InProgress",false,"0",000007,000007,,,,,,false,false,"0"
S32-000495,"XAxis.Jerk",false,"0",,,,,,,,false,false,"0"
S32-000503,"XAxis.Preset1Target",false,"0",,,,,,,,false,false,"0"
S32-000504,"XAxis.Preset2Target",false,"0",,,,,,,,false,false,"0"
S32-000502,"XAxis.PresetPulseTime",false,"0",,,,,,,,false,false,"0"
S32-000499,"XAxis.RegCapture",false,"0",,,,,,,,false,false,"0"
S32-000496,"XAxis.RegCount",false,"0",,,,,,,,false,false,"0"
S32-000498,"XAxis.RegDecel",false,"0",,,,,,,,false,false,"0"
S32-000497,"XAxis.RegDelay",false,"0",,,,,,,,false,false,"0"
S32-000500,"XAxis.RegPulseTime",false,"0",,,,,,,,false,false,"0"
S32-000501,"XAxis.Status",false,"0",400043,400044,,,,,,false,false,"0"
S32-000491,"XAxis.Target",false,"0",400037,400038,,,,,,false,false,"0"
S32-000492,"XAxis.Velocity",false,"0",400039,400040,,,,,,false,false,"0"
F32-000114,"XDistance",false,"30",,,,,,,,false,false,"0.0"
S32-000580,"XHome.Accel",false,"50",400151,400152,,,,,,false,false,"0"
C-000243,"XHome.Complete",false,"0",000046,000046,,,,,,false,false,"0"
S32-000581,"XHome.Decel",false,"50",400153,400154,,,,,,false,false,"0"
C-000242,"XHome.InProgress",false,"0",000045,000045,,,,,,false,false,"0"
S32-000582,"XHome.Position",false,"0",,,,,,,,false,false,"0"
S32-000578,"XHome.Speed1",false,"20",400147,400148,,,,,,false,false,"0"
S32-000579,"XHome.Speed2",false,"20",400149,400150,,,,,,false,false,"0"
S32-000583,"XHome.Status",false,"0",400155,400156,,,,,,false,false,"0"
C-000236,"XYMove.Complete",false,"0",000036,000036,,,,,,false,false,"0"
C-000235,"XYMove.InProgress",false,"0",000035,000035,,,,,,false,false,"0"
S32-000562,"XYMove.LINJerk",false,"0",,,,,,,,false,false,"0"
S32-000561,"XYMove.LINRamps",false,"100",400121,400122,,,,,,false,false,"0"
S32-000560,"XYMove.LINVelocity",false,"20",400119,400120,,,,,,false,false,"0"
S32-000543,"XYMove.LoopCount",false,"0",,,,,,,,false,false,"0"
S32-000542,"XYMove.Segment",false,"0",,,,,,,,false,false,"0"
S32-000541,"XYMove.Status",false,"0",400003,400004,,,,,,false,false,"0"
S32-000559,"XYMove.ToolJerk",false,"0",,,,,,,,false,false,"0"
S32-000556,"XYMove.ToolPosition",false,"0",,,,,,,,false,false,"0"
S32-000558,"XYMove.ToolRamps",false,"0",,,,,,,,false,false,"0"
S32-000557,"XYMove.ToolVelocity",false,"0",,,,,,,,false,false,"0"
S32-000547,"XYMove.XJerk",false,"0",,,,,,,,false,false,"0"
S32-000544,"XYMove.XPosition",false,"0",400123,400124,,,,,,false,false,"0"
S32-000546,"XYMove.XRamps",false,"0",,,,,,,,false,false,"0"
S32-000545,"XYMove.XVelocity",false,"0",,,,,,,,false,false,"0"
S32-000551,"XYMove.YJerk",false,"0",,,,,,,,false,false,"0"
S32-000548,"XYMove.YPosition",false,"0",400125,400126,,,,,,false,false,"0"
S32-000550,"XYMove.YRamps",false,"0",,,,,,,,false,false,"0"
S32-000549,"XYMove.YVelocity",false,"0",,,,,,,,false,false,"0"
S32-000555,"XYMove.ZJerk",false,"0",,,,,,,,false,false,"0"
S32-000552,"XYMove.ZPosition",false,"0",,,,,,,,false,false,"0"
S32-000554,"XYMove.ZRamps",false,"0",,,,,,,,false,false,"0"
S32-000553,"XYMove.ZVelocity",false,"0",,,,,,,,false,false,"0"
S32-000507,"YAxis.Accel",false,"0",400049,400050,,,,,,false,false,"0"
C-000218,"YAxis.Complete",false,"0",000010,000010,,,,,,false,false,"0"
S32-000508,"YAxis.Decel",false,"0",400063,400064,,,,,,false,false,"0"
C-000217,"YAxis.InProgress",false,"0",000009,000009,,,,,,false,false,"0"
S32-000509,"YAxis.Jerk",false,"0",,,,,,,,false,false,"0"
S32-000517,"YAxis.Preset1Target",false,"0",,,,,,,,false,false,"0"
S32-000518,"YAxis.Preset2Target",false,"0",,,,,,,,false,false,"0"
S32-000516,"YAxis.PresetPulseTime",false,"0",,,,,,,,false,false,"0"
S32-000513,"YAxis.RegCapture",false,"0",,,,,,,,false,false,"0"
S32-000510,"YAxis.RegCount",false,"0",,,,,,,,false,false,"0"
S32-000512,"YAxis.RegDecel",false,"0",,,,,,,,false,false,"0"
S32-000511,"YAxis.RegDelay",false,"0",,,,,,,,false,false,"0"
S32-000514,"YAxis.RegPulseTime",false,"0",,,,,,,,false,false,"0"
S32-000515,"YAxis.Status",false,"0",400051,400052,,,,,,false,false,"0"
S32-000505,"YAxis.Target",false,"0",400045,400046,,,,,,false,false,"0"
S32-000506,"YAxis.Velocity",false,"0",400047,400048,,,,,,false,false,"0"
S32-000586,"YHome.Accel",false,"50",400139,400140,,,,,,false,false,"0"
C-000247,"YHome.Complete",false,"0",000044,000044,,,,,,false,false,"0"
S32-000587,"YHome.Decel",false,"50",400141,400142,,,,,,false,false,"0"
C-000246,"YHome.InProgress",false,"0",000043,000043,,,,,,false,false,"0"
S32-000588,"YHome.Position",false,"0",,,,,,,,false,false,"0"
S32-000584,"YHome.Speed1",false,"20",400135,400136,,,,,,false,false,"0"
S32-000585,"YHome.Speed2",false,"20",400137,400138,,,,,,false,false,"0"
S32-000589,"YHome.Status",false,"0",400143,400144,,,,,,false,false,"0"
S32-000521,"ZAxis.Accel",false,"0",400057,400058,,,,,,false,false,"0"
C-000220,"ZAxis.Complete",false,"0",000012,000012,,,,,,false,false,"0"
S32-000522,"ZAxis.Decel",false,"0",400065,400066,,,,,,false,false,"0"
C-000219,"ZAxis.InProgress",false,"0",000011,000011,,,,,,false,false,"0"
S32-000523,"ZAxis.Jerk",false,"0",,,,,,,,false,false,"0"
S32-000531,"ZAxis.Preset1Target",false,"0",,,,,,,,false,false,"0"
S32-000532,"ZAxis.Preset2Target",false,"0",,,,,,,,false,false,"0"
S32-000530,"ZAxis.PresetPulseTime",false,"0",,,,,,,,false,false,"0"
S32-000527,"ZAxis.RegCapture",false,"0",,,,,,,,false,false,"0"
S32-000524,"ZAxis.RegCount",false,"0",,,,,,,,false,false,"0"
S32-000526,"ZAxis.RegDecel",false,"0",,,,,,,,false,false,"0"
S32-000525,"ZAxis.RegDelay",false,"0",,,,,,,,false,false,"0"
S32-000528,"ZAxis.RegPulseTime",false,"0",,,,,,,,false,false,"0"
S32-000529,"ZAxis.Status",false,"0",400059,400060,,,,,,false,false,"0"
S32-000519,"ZAxis.Target",false,"0",400053,400054,,,,,,false,false,"0"
S32-000520,"ZAxis.Velocity",false,"0",400055,400056,,,,,,false,false,"0"
S32-000592,"ZHome.Accel",false,"25",400131,400132,,,,,,false,false,"0"
C-000249,"ZHome.Complete",false,"0",000042,000042,,,,,,false,false,"0"
S32-000593,"ZHome.Decel",false,"25",400133,400134,,,,,,false,false,"0"
C-000248,"ZHome.InProgress",false,"0",000041,000041,,,,,,false,false,"0"
S32-000594,"ZHome.Position",false,"0",,,,,,,,false,false,"0"
S32-000590,"ZHome.Speed1",false,"5",400127,400128,,,,,,false,false,"0"
S32-000591,"ZHome.Speed2",false,"5",400129,400130,,,,,,false,false,"0"
S32-000595,"ZHome.Status",false,"0",400145,400146,,,,,,false,false,"0"
C-000059,"ZeroX.Complete",false,"0",,,,,,,,false,false,"0"
C-000058,"ZeroX.InProgress",false,"0",,,,,,,,false,false,"0"
S32-000069,"ZeroX.Position",false,"0",,,,,,,,false,false,"0"
S32-000070,"ZeroX.Status",false,"0",,,,,,,,false,false,"0"
S32-000391,"Ztest.Accel",false,"5",,,,,,,,false,false,"0"
C-000190,"Ztest.Complete",false,"0",,,,,,,,false,false,"0"
S32-000392,"Ztest.Decel",false,"5",,,,,,,,false,false,"0"
C-000189,"Ztest.InProgress",false,"0",,,,,,,,false,false,"0"
S32-000393,"Ztest.Position",false,"0",,,,,,,,false,false,"0"
S32-000389,"Ztest.Speed1",false,"5",,,,,,,,false,false,"0"
S32-000390,"Ztest.Speed2",false,"0",,,,,,,,false,false,"0"
S32-000394,"Ztest.Status",false,"0",,,,,,,,false,false,"0"
